,Content Source,Unbalanced Finetuning,Balanced Finetuning,PET 50,PET 100,PET 200,PET 500,PET 1000
0,Title,0.6591639871382636,0.7099924868519908,0.1467596628886951,0.6027227722772278,0.6619070667957407,0.7716196846631629,0.8188235294117646
1,Abstract,0.0,0.7422630560928435,0.5315814850530377,0.5895039539899353,0.7617789520035227,0.792780443225954,0.8047827086686594
2,Full text,0.0,0.7546304786356134,0.6238103478110401,0.8048896650261946,0.8081646199800864,0.8531911348108648,0.8573388203017833
3,Translated Title,0.0,0.7089272318079519,0.8244243421052632,0.8019176291130965,0.8121882454998915,0.7651245551601423,0.7526098567613498
4,Phrases with Keywords (Abstract),0.0,0.7639569049951028,0.5972359328726555,0.6108374384236452,0.6157635467980295,0.7841328413284133,0.8263772954924875
5,Phrases with Keywords + O.C (Abstract),0.0,0.774446823697359,0.720432480141218,0.8079300788744405,0.7774527452745275,0.8179749715585892,0.8113120074177098
6,Phrases with Keywords (Full text),0.0,0.5628675441052926,0.4590909090909091,0.7061688311688311,0.7813312532501301,0.7975783100816005,0.7891193105305682
7,Phrases with Keywords + O.C (Full text),0.0,0.6335302505601955,0.642504118616145,0.6629318394024275,0.7803003217733285,0.8137432188065099,0.8030557108254146
