,Content Source,Unbalanced Finetuning,Balanced Finetuning,PET 50,PET 100,PET 200,PET 500,PET 1000
0,Title,0.0,0.7209832742017233,0.4462448559670781,0.3677878042111019,0.5556971705327556,0.7466010314111581,0.7691398865784499
1,Abstract,0.0,0.7733428367783322,0.3586278586278585,0.3697001034126163,0.5035971223021584,0.6864347420032688,0.7966217758502625
2,Full text,0.0,0.7521961932650073,0.5024056254626202,0.711170748071117,0.8006139925674585,0.8269993390614673,0.8336154366960054
3,Translated Title,0.6722997795738427,0.7604895104895106,0.8268522308636922,0.7426873857404022,0.688708522320363,0.789535155337538,0.8079735786742156
4,Phrases with Keywords (Abstract),0.7227891156462586,0.7714016933207902,0.5369807497467072,0.56,0.5313765182186235,0.7604735883424407,0.5911330049261083
5,Phrases with Keywords + O.C (Abstract),0.0,0.6267409470752089,0.5511143410852714,0.7440409890844286,0.6770098730606487,0.7639208467556374,0.8038585209003215
6,Phrases with Keywords (Full text),0.6450381679389313,0.7345254470426409,0.5362821624747036,0.7005604483586869,0.7098599137931034,0.6832730308934039,0.7365202890494719
7,Phrases with Keywords + O.C (Full text),0.6488056810845707,0.718362527061602,0.6757999264435454,0.5712871287128712,0.7230483271375466,0.7494904576616638,0.7434733257661748
