,Content Source,Unbalanced Finetuning,Balanced Finetuning,PET 50,PET 100,PET 200,PET 500,PET 1000
0,Title,0.6546426185704742,0.5341125305789618,0.4540829305520223,0.4101406955136714,0.6305763202314926,0.7122473246135553,0.7426803142109022
1,Abstract,0.6363636363636364,0.5755947812739831,0.6172127365020766,0.3115806365338325,0.5947556615017878,0.6592126717912881,0.7319898077368543
2,Full text,0.7026675341574496,0.8210396909027045,0.5946325206104193,0.6640289007397213,0.7301073436701312,0.8162243365047569,0.8271583663622264
3,Translated Title,0.7148377125193199,0.6690777576853526,0.7813497977432404,0.7618943214207411,0.7497731397459164,0.7300672430355427,0.7694140066698427
4,Phrases with Keywords (Abstract),0.6701807228915662,0.7699443413729128,0.5455455455455456,0.4953560371517028,0.528747433264887,0.7056074766355142,0.6852551984877127
5,Phrases with Keywords + O.C (Abstract),0.6267605633802817,0.5331074035453597,0.6903110315506825,0.7466313231720786,0.6841372912801484,0.7771726798275471,0.7884438305709024
6,Phrases with Keywords (Full text),0.6636863823933975,0.6930407161420733,0.52478979414323,0.6891416192797183,0.7693298969072165,0.7024230873945004,0.6832910679064526
7,Phrases with Keywords + O.C (Full text),0.5945945945945946,0.6895522388059703,0.7091388400702987,0.7003287070854639,0.7030527289546716,0.741804037784775,0.7580856234810245
