,Content Source,Unbalanced Finetuning,Balanced Finetuning,PET 50,PET 100,PET 200,PET 500,PET 1000
0,Title,0.6783536585365852,0.653705636743215,0.4758817427385892,0.6926713947990543,0.6528547337990844,0.8143507972665148,0.8237772057102738
1,Abstract,0.5808285946385053,0.6773552075565499,0.5259931338891614,0.4743975903614457,0.6881472957422324,0.770193401592719,0.8242004025944979
2,Full text,0.6510791366906474,0.7985169108337855,0.7076179363227204,0.7227790045863767,0.8252347224509964,0.8366024219682756,0.8274771609276176
3,Translated Title,0.6335877862595422,0.7902439024390244,0.6776514272453004,0.7548646835159919,0.7793072824156306,0.8023826208829713,0.8306264501160093
4,Phrases with Keywords (Abstract),0.6902086677367575,0.6933198380566802,0.3775620280474649,0.539714867617108,0.5498458376156218,0.7499999999999999,0.7095553453169346
5,Phrases with Keywords + O.C (Abstract),0.6332781456953641,0.7193540494250061,0.6467490842490842,0.7908761458111278,0.794072107940721,0.8026793823796549,0.8230027548209367
6,Phrases with Keywords (Full text),0.6754658385093167,0.7719151312116135,0.3403465346534653,0.7310946589106293,0.763199163617355,0.7979288369622942,0.7655038759689923
7,Phrases with Keywords + O.C (Full text),0.4214123006833712,0.759334494099439,0.6506222547584187,0.6843471810089021,0.6876545558303214,0.7772795216741405,0.8160237388724034
