,Content Source,Unbalanced Finetuning,Balanced Finetuning,PET 50,PET 100,PET 200,PET 500,PET 1000
0,Title,0.6608226567768036,0.7289034866093986,0.5435859336305102,0.6339393939393939,0.7146204311152765,0.7478733459357277,0.7823932027377861
1,Abstract,0.5970149253731343,0.7441971763579804,0.5583392984967789,0.4470115519839277,0.6631360810499655,0.7762505633168094,0.7524498366775548
2,Full text,0.6675392670157069,0.7720854453294713,0.6347706579625494,0.7337997667832751,0.686240444753301,0.818809602104571,0.8410351201478744
3,Translated Title,0.6907378335949764,0.7057172026544156,0.7827578811923654,0.7653061224489796,0.7453840893549122,0.7289429730374614,0.7958274730426629
4,Phrases with Keywords (Abstract),0.6456953642384107,0.7328833172613308,0.4616182572614108,0.3314917127071823,0.5257731958762887,0.7142857142857143,0.7643312101910827
5,Phrases with Keywords + O.C (Abstract),0.6197771587743732,0.5762273901808785,0.7273320287018917,0.7765843179377014,0.7478395745623755,0.786377008372935,0.7833410244577758
6,Phrases with Keywords (Full text),0.6424766977363515,0.7833333333333334,0.5601482326111744,0.7101525512887954,0.6499860218059827,0.7085855806274077,0.7234279354479688
7,Phrases with Keywords + O.C (Full text),0.4918639053254438,0.6183565004088307,0.7559245805224009,0.7457322551662174,0.7453416149068323,0.7731293770733505,0.7605820105820106
