,Content Source,Unbalanced Finetuning,Balanced Finetuning,PET 50,PET 100,PET 200,PET 500,PET 1000
0,Title,0.6326034063260341,0.7086211307239703,0.7480400696864112,0.7493188010899183,0.7723666813574261,0.786336542870243,0.8082317774200967
1,Abstract,0.2657657657657657,0.6854936036688389,0.262020529443544,0.5511432009626954,0.6730544519747605,0.7287308228730823,0.7666666666666667
2,Full text,0.6502375296912114,0.6454665909521106,0.7113213811420983,0.7358585015851826,0.7632687447346251,0.8284811179504241,0.828508174386921
3,Translated Title,0.6916666666666667,0.0,0.8353510895883777,0.8205128205128205,0.7853345148427116,0.7957957957957957,0.7981715893108299
4,Phrases with Keywords (Abstract),0.7245222929936306,0.7292659675881791,0.5383848454636091,0.3745928338762215,0.6043956043956044,0.732276119402985,0.7033492822966506
5,Phrases with Keywords + O.C (Abstract),0.5949470252648738,0.7873090481786134,0.7018716577540106,0.8163475396335186,0.7675438596491228,0.8114663726571114,0.801621256473767
6,Phrases with Keywords (Full text),0.2841429880843263,0.7132606199770379,0.550259965337955,0.6958762886597939,0.7274180655475618,0.7767762460233297,0.7668379767378956
7,Phrases with Keywords + O.C (Full text),0.6388702084734363,0.7690843327622311,0.6370302474793768,0.7025846377866765,0.7051282051282051,0.795020897692168,0.803834808259587
